<application>
  <component name="PhpInterpreters">
    <interpreters>
      <interpreter id="0ff40de5-2cb0-4719-b1c3-4cae6e1d2287" name="PHP 7.2" home="/usr/bin/php" debugger_id="php.debugger.XDebug" />
    </interpreters>
  </component>
  <component name="PhpInterpretersPhpInfoCache">
    <phpInfoCache>
      <interpreter name="PHP 7.2">
        <phpinfo binary_type="PHP" php_cli="/usr/bin/php7.2" path_separator=":" version="7.2.27-6+ubuntu18.04.1+deb.sury.org+1">
          <additional_php_ini>/etc/php/7.2/cli/conf.d/10-mysqlnd.ini, /etc/php/7.2/cli/conf.d/10-opcache.ini, /etc/php/7.2/cli/conf.d/10-pdo.ini, /etc/php/7.2/cli/conf.d/15-xml.ini, /etc/php/7.2/cli/conf.d/20-calendar.ini, /etc/php/7.2/cli/conf.d/20-ctype.ini, /etc/php/7.2/cli/conf.d/20-curl.ini, /etc/php/7.2/cli/conf.d/20-dom.ini, /etc/php/7.2/cli/conf.d/20-exif.ini, /etc/php/7.2/cli/conf.d/20-fileinfo.ini, /etc/php/7.2/cli/conf.d/20-ftp.ini, /etc/php/7.2/cli/conf.d/20-gd.ini, /etc/php/7.2/cli/conf.d/20-gettext.ini, /etc/php/7.2/cli/conf.d/20-iconv.ini, /etc/php/7.2/cli/conf.d/20-intl.ini, /etc/php/7.2/cli/conf.d/20-json.ini, /etc/php/7.2/cli/conf.d/20-mbstring.ini, /etc/php/7.2/cli/conf.d/20-mysqli.ini, /etc/php/7.2/cli/conf.d/20-pdo_mysql.ini, /etc/php/7.2/cli/conf.d/20-phar.ini, /etc/php/7.2/cli/conf.d/20-posix.ini, /etc/php/7.2/cli/conf.d/20-readline.ini, /etc/php/7.2/cli/conf.d/20-shmop.ini, /etc/php/7.2/cli/conf.d/20-simplexml.ini, /etc/php/7.2/cli/conf.d/20-sockets.ini, /etc/php/7.2/cli/conf.d/20-sysvmsg.ini, /etc/php/7.2/cli/conf.d/20-sysvsem.ini, /etc/php/7.2/cli/conf.d/20-sysvshm.ini, /etc/php/7.2/cli/conf.d/20-tokenizer.ini, /etc/php/7.2/cli/conf.d/20-wddx.ini, /etc/php/7.2/cli/conf.d/20-xmlreader.ini, /etc/php/7.2/cli/conf.d/20-xmlwriter.ini, /etc/php/7.2/cli/conf.d/20-xsl.ini, /etc/php/7.2/cli/conf.d/20-zip.ini</additional_php_ini>
          <configuration_file>/etc/php/7.2/cli/php.ini</configuration_file>
          <configuration_options>
            <configuration_option name="include_path" value=".:/usr/share/php" />
          </configuration_options>
          <debuggers />
          <loaded_extensions>
            <extension name="Core" />
            <extension name="PDO" />
            <extension name="Phar" />
            <extension name="Reflection" />
            <extension name="SPL" />
            <extension name="SimpleXML" />
            <extension name="Zend OPcache" />
            <extension name="calendar" />
            <extension name="ctype" />
            <extension name="curl" />
            <extension name="date" />
            <extension name="dom" />
            <extension name="exif" />
            <extension name="fileinfo" />
            <extension name="filter" />
            <extension name="ftp" />
            <extension name="gd" />
            <extension name="gettext" />
            <extension name="hash" />
            <extension name="iconv" />
            <extension name="intl" />
            <extension name="json" />
            <extension name="libxml" />
            <extension name="mbstring" />
            <extension name="mysqli" />
            <extension name="mysqlnd" />
            <extension name="openssl" />
            <extension name="pcntl" />
            <extension name="pcre" />
            <extension name="pdo_mysql" />
            <extension name="posix" />
            <extension name="readline" />
            <extension name="session" />
            <extension name="shmop" />
            <extension name="sockets" />
            <extension name="sodium" />
            <extension name="standard" />
            <extension name="sysvmsg" />
            <extension name="sysvsem" />
            <extension name="sysvshm" />
            <extension name="tokenizer" />
            <extension name="wddx" />
            <extension name="xml" />
            <extension name="xmlreader" />
            <extension name="xmlwriter" />
            <extension name="xsl" />
            <extension name="zip" />
            <extension name="zlib" />
          </loaded_extensions>
        </phpinfo>
      </interpreter>
    </phpInfoCache>
  </component>
</application>